{"cameraMode":{"drawMode":0,"name":"Shaded","section":"Shading Mode"},"sceneLighting":false,"audioPlay":false,"sceneViewState":{"showFog":true,"showMaterialUpdate":false,"showSkybox":true,"showFlares":true,"showImageEffects":true,"showParticleSystems":true},"in2DMode":false,"pivot":{"x":2.372742176055908,"y":2.11637020111084,"z":11.884387969970704},"rotation":{"x":-0.0939466804265976,"y":0.12273047119379044,"z":-0.011659497395157814,"w":-0.9879147410392761},"size":4.662298679351807,"orthographic":false}